name,date,significance_en,significance_mr,significance_hi,tips_en,tips_mr,tips_hi
Yogini Ekadashi,2026-07-10,Ashadha Krishna Ekadashi; fasting cleanses negative influences and ensures domestic peace; the last Krishna Ekadashi before the grand Ashadhi pilgrimage to Pandharpur,आषाढ कृष्ण एकादशी; उपवासाने नकारात्मक प्रभाव दूर होऊन घरात शांती नांदते; पंढरपूरच्या भव्य आषाढी वारीपूर्वीची शेवटची कृष्ण एकादशी,आषाढ़ कृष्ण एकादशी; व्रत से नकारात्मक प्रभाव दूर होते हैं और घर में शांति रहती है; पंढरपुर की भव्य आषाढ़ी वारी से पहले की अंतिम कृष्ण एकादशी,Freeze shaped sabudana vada patties for 20 minutes before frying; they hold shape in the oil and the outside crisps more evenly,साबुदाणा वड्याच्या थापलेल्या गोळ्या तळण्यापूर्वी वीस मिनिटे फ्रीजरमध्ये ठेवा; त्या तेलात आकार धरून राहतात आणि बाहेरून एकसारख्या कुरकुरीत होतात,साबूदाना वड़े की थपकी हुई टिक्कियां तलने से पहले बीस मिनट फ्रीजर में रखें; वे तेल में आकार बनाए रखती हैं और बाहर से एकसमान कुरकुरी होती हैं
Ashadhi Ekadashi,2026-07-25,Ashadha Shukla Ekadashi; Lord Vishnu enters Yoga Nidra beginning the 4-month Chaturmas; lakhs of Varkari pilgrims walk to Pandharpur for the wari procession; one of the two holiest days in the Maharashtrian calendar,आषाढ शुक्ल एकादशी; भगवान विष्णू योगनिद्रेत जातात आणि चार महिन्यांचा चातुर्मास सुरू होतो; लाखो वारकरी पंढरपूरच्या वारीसाठी पायी चालत जातात; महाराष्ट्राच्या पंचांगातील दोन सर्वात पवित्र दिवसांपैकी एक,आषाढ़ शुक्ल एकादशी; भगवान विष्णु योगनिद्रा में जाते हैं और चार महीने का चातुर्मास आरंभ होता है; लाखों वारकरी पंढरपुर की वारी के लिए पैदल जाते हैं; महाराष्ट्र के पंचांग के दो सबसे पवित्र दिनों में से एक,For Varkari households only fruits and water are consumed; for home observers prepare all upvas dishes before sunrise and offer as prasad first before eating,वारकरी घरांत फक्त फळे आणि पाणी घेतले जाते; घरी उपवास करणाऱ्यांनी सूर्योदयापूर्वी सर्व उपवासाचे पदार्थ तयार करून आधी नैवेद्य दाखवावा आणि मगच खावे,वारकरी घरों में केवल फल और जल लिया जाता है; घर पर व्रत रखने वालों को सूर्योदय से पहले सभी उपवास के पदार्थ बनाकर पहले नैवेद्य अर्पित करना चाहिए और उसके बाद ही खाना चाहिए
Guru Pournima,2026-07-29,Ashadha Purnima (Vyasa Purnima); birthday of Sage Vyasa who codified the Vedas; disciples offer reverence to their teachers; Satyanarayan Puja and kheer distribution are traditional; the formal start of Chaturmas devotional season,आषाढ पौर्णिमा (व्यास पौर्णिमा); वेदांचे संकलन करणाऱ्या व्यास ऋषींचा जन्मदिवस; शिष्य आपल्या गुरूंना वंदन करतात; सत्यनारायण पूजा आणि खिरीचा प्रसाद ही परंपरा आहे; चातुर्मासातील भक्तिपर्वाची औपचारिक सुरुवात,आषाढ़ पूर्णिमा (व्यास पूर्णिमा); वेदों का संकलन करने वाले व्यास ऋषि का जन्मदिन; शिष्य अपने गुरुओं को नमन करते हैं; सत्यनारायण पूजा और खीर का प्रसाद परंपरा है; चातुर्मास के भक्ति काल का औपचारिक आरंभ,Cook kheer on the lowest flame with no lid; stir every 10 minutes for 45 minutes; the slow cook breaks down rice naturally and thickens the milk without needing any starch,खीर अगदी मंद आचेवर झाकण न ठेवता शिजवा; पंचेचाळीस मिनिटे दर दहा मिनिटांनी ढवळा; सावकाश शिजल्याने तांदूळ आपोआप मोकळा होतो आणि पीठ न घालता दूध घट्ट होते,खीर बिल्कुल धीमी आंच पर बिना ढक्कन के पकाएं; पैंतालीस मिनट तक हर दस मिनट में चलाएं; धीमी आंच पर चावल स्वयं गल जाता है और बिना कोई स्टार्च डाले दूध गाढ़ा हो जाता है
Kamika Ekadashi,2026-08-09,Shravana Krishna Ekadashi; worshipping Lord Vishnu with fresh tulsi leaves on Kamika Ekadashi earns merit equal to a full Ashwamedha Yagna; one of the most powerful Ekadashis within Chaturmas,श्रावण कृष्ण एकादशी; कामिका एकादशीला ताज्या तुळशीपत्रांनी भगवान विष्णूची पूजा केल्याने संपूर्ण अश्वमेध यज्ञाइतके पुण्य मिळते; चातुर्मासातील सर्वात प्रभावी एकादशींपैकी एक,श्रावण कृष्ण एकादशी; कामिका एकादशी पर ताजे तुलसी पत्रों से भगवान विष्णु की पूजा करने से संपूर्ण अश्वमेध यज्ञ के समान पुण्य मिलता है; चातुर्मास की सबसे प्रभावशाली एकादशियों में से एक,Offer a fresh garland of tulsi leaves to Lord Vishnu before beginning the puja; prepare the garland the previous evening so there is no rush before the morning aarti,पूजा सुरू करण्यापूर्वी भगवान विष्णूला ताज्या तुळशीपत्रांची माळ अर्पण करा; सकाळच्या आरतीपूर्वी घाई होऊ नये म्हणून माळ आदल्या संध्याकाळीच करून ठेवा,पूजा आरंभ करने से पहले भगवान विष्णु को ताजे तुलसी पत्रों की माला अर्पित करें; सुबह की आरती से पहले जल्दबाजी न हो इसलिए माला एक शाम पहले ही बना लें
Nag Panchami,2026-08-17,Shravana Shukla Panchami; serpent gods are worshipped with milk and flower offerings; also the first Shravan Monday (Somvar) making it doubly auspicious; no frying; cutting or digging is traditionally done in Maharashtrian homes on this day,श्रावण शुक्ल पंचमी; नागदेवतेची दूध आणि फुले अर्पण करून पूजा केली जाते; याच दिवशी पहिला श्रावणी सोमवार असल्याने दुप्पट पुण्यकाळ; या दिवशी महाराष्ट्रीय घरांत तळणे; चिरणे किंवा खणणे केले जात नाही,श्रावण शुक्ल पंचमी; नाग देवता की दूध और फूल अर्पित कर पूजा की जाती है; इसी दिन पहला श्रावण सोमवार होने से यह दोगुना शुभ है; इस दिन महाराष्ट्रीय घरों में तलना; काटना या खोदना नहीं किया जाता,Avoid frying anything on Nag Panchami; make only steamed or boiled dishes; pre-cook the dudh bhaat (milk rice) the previous evening and simply warm it in the morning,नागपंचमीला काहीही तळू नका; फक्त वाफवलेले किंवा उकडलेले पदार्थ करा; दूधभात आदल्या संध्याकाळी करून ठेवा आणि सकाळी फक्त गरम करा,नागपंचमी पर कुछ भी न तलें; केवल भाप में पके या उबले पकवान बनाएं; दूध भात एक शाम पहले बनाकर रखें और सुबह केवल गर्म करें
Shravana Putrada Ekadashi,2026-08-23,Shravana Shukla Ekadashi; observed for blessings of progeny and wellbeing of children; fasting on this Ekadashi within the holy Shravan month is especially powerful for family harmony and Vishnu devotion,श्रावण शुक्ल एकादशी; संततीच्या प्राप्तीसाठी आणि मुलांच्या कल्याणासाठी हे व्रत केले जाते; पवित्र श्रावण महिन्यातील या एकादशीचा उपवास कौटुंबिक सलोखा आणि विष्णुभक्तीसाठी विशेष फलदायी मानला जातो,श्रावण शुक्ल एकादशी; संतान प्राप्ति और बच्चों के कल्याण के लिए यह व्रत किया जाता है; पवित्र श्रावण मास की इस एकादशी का व्रत पारिवारिक सौहार्द और विष्णु भक्ति के लिए विशेष फलदायी माना जाता है,Phalahari kadhi for Ekadashi uses roasted peanut paste blended with water and seasoned with sendha namak and cumin only; it is light yet filling and sustains a long fast easily,एकादशीची फराळी कढी भाजलेल्या शेंगदाण्याच्या वाटणात पाणी घालून करतात आणि तिला फक्त सैंधव मीठ व जिऱ्याची फोडणी दिली जाते; ती हलकी असूनही पोटभर वाटते आणि लांबचा उपवास सहज निभावते,एकादशी की फलाहारी कढ़ी भुनी मूंगफली के पेस्ट में पानी मिलाकर बनाई जाती है और उसमें केवल सेंधा नमक व जीरा डाला जाता है; यह हल्की होकर भी पेट भरती है और लंबे व्रत को आसानी से निभाती है
Varalakshmi Vrat,2026-08-28,Friday before Shravana Purnima; married women worship Goddess Mahalakshmi in a decorated kalash form seeking wealth; health and family prosperity; worshipping Varalakshmi is considered equivalent to propitiating all eight forms of Lakshmi,श्रावण पौर्णिमेपूर्वीचा शुक्रवार; सुवासिनी सजवलेल्या कलशरूपात महालक्ष्मीची पूजा करून धन; आरोग्य आणि कौटुंबिक भरभराटीची प्रार्थना करतात; वरलक्ष्मीची पूजा म्हणजे अष्टलक्ष्मींची आराधना केल्यासारखे मानले जाते,श्रावण पूर्णिमा से पहले का शुक्रवार; सुहागिन स्त्रियां सजे हुए कलश रूप में महालक्ष्मी की पूजा कर धन; आरोग्य और पारिवारिक समृद्धि की प्रार्थना करती हैं; वरलक्ष्मी की पूजा अष्टलक्ष्मी की आराधना के समान मानी जाती है,Decorate the kalash with fresh mango leaves; coconut and a Lakshmi face-image the night before; cook all sweet offerings using jaggery instead of refined sugar for traditional authenticity and a richer flavour,कलश आदल्या रात्रीच ताज्या आंब्याची पाने; नारळ आणि लक्ष्मीच्या मुखवट्याने सजवा; सर्व गोड नैवेद्य साखरेऐवजी गुळाने करा — त्याने पारंपरिक अस्सलपणा आणि अधिक खोल चव मिळते,कलश एक रात पहले ही ताजे आम के पत्ते; नारियल और लक्ष्मी के मुखौटे से सजाएं; सभी मीठे नैवेद्य चीनी के बजाय गुड़ से बनाएं — इससे पारंपरिक असलियत और गहरा स्वाद मिलता है
Narali Pournima,2026-08-28,Shravana Purnima; fishermen offer coconuts to the sea marking the end of the monsoon fishing ban; Maharashtrian households prepare coconut-based foods to celebrate; coincides with Raksha Bandhan across India,श्रावण पौर्णिमा; कोळी बांधव समुद्राला नारळ अर्पण करून पावसाळी मासेमारी बंदीची सांगता करतात; महाराष्ट्रीय घरांत नारळाचे पदार्थ करून हा दिवस साजरा केला जातो; याच दिवशी देशभर रक्षाबंधन साजरे होते,श्रावण पूर्णिमा; मछुआरे समुद्र को नारियल अर्पित कर मानसून की मछली पकड़ने की रोक समाप्त करते हैं; महाराष्ट्रीय घरों में नारियल के पकवान बनाकर यह दिन मनाया जाता है; इसी दिन देशभर में रक्षाबंधन मनाया जाता है,For Narali Bhaat caramelize jaggery in ghee first until it bubbles; then add cooked rice and freshly grated coconut; stir gently to avoid breaking grains; the caramel fragrance is the signal it is ready,नारळी भातासाठी आधी तुपात गूळ बुडबुडे येईपर्यंत विरघळवा; मग शिजलेला भात आणि ताजे खोवलेले खोबरे घाला; दाणे मोडू नयेत म्हणून हलक्या हाताने ढवळा; कॅरॅमलचा सुगंध आला की तो तयार झाला असे समजावे,नारली भात के लिए पहले घी में गुड़ बुलबुले आने तक पिघलाएं; फिर पका चावल और ताजा कसा नारियल डालें; दाने टूटें नहीं इसलिए हल्के हाथ से चलाएं; कैरेमल की सुगंध आते ही समझें कि वह तैयार है
Heramba Sankashti Chaturthi,2026-08-31,Shravana Krishna Chaturthi; named after Heramba — the five-headed form of Ganesha who protects the weak and the devotee; this Sankashti in the final days of Shravan carries special blessings for removing fears and obstacles,श्रावण कृष्ण चतुर्थी; दुर्बल आणि भक्तांचे रक्षण करणाऱ्या गणेशाच्या पंचमुखी हेरंब रूपावरून हे नाव पडले; श्रावणाच्या शेवटच्या दिवसांतील ही संकष्टी भय आणि विघ्ने दूर करण्यासाठी विशेष फलदायी मानली जाते,श्रावण कृष्ण चतुर्थी; दुर्बलों और भक्तों की रक्षा करने वाले गणेश के पंचमुखी हेरंब रूप पर यह नाम पड़ा; श्रावण के अंतिम दिनों की यह संकष्टी भय और विघ्न दूर करने के लिए विशेष फलदायी मानी जाती है,For Heramba Sankashti offer durva grass (doob) and red flowers to Ganesha along with modak; the fast should be broken only after moonrise and sighting the moon directly,हेरंब संकष्टीला गणेशाला मोदकासोबत दूर्वा आणि लाल फुले अर्पण करा; उपवास चंद्रोदयानंतर आणि प्रत्यक्ष चंद्रदर्शन घेऊनच सोडावा,हेरंब संकष्टी पर गणेश को मोदक के साथ दूर्वा और लाल फूल अर्पित करें; व्रत चंद्रोदय के बाद और चंद्रमा के प्रत्यक्ष दर्शन करके ही खोलना चाहिए
Janmashtami,2026-09-04,Bhadra Krishna Ashtami; birthday of Lord Krishna celebrated as Gokulashtami in Maharashtra; the grand Dahi Handi human pyramid event is held on September 5; a midnight fast is observed until the Janma Muhurta (birth moment at midnight),भाद्रपद कृष्ण अष्टमी; भगवान श्रीकृष्णाचा जन्मदिवस महाराष्ट्रात गोकुळाष्टमी म्हणून साजरा होतो; ५ सप्टेंबरला भव्य दहीहंडीचे थर रचले जातात; मध्यरात्रीच्या जन्ममुहूर्तापर्यंत उपवास केला जातो,भाद्रपद कृष्ण अष्टमी; भगवान श्रीकृष्ण का जन्मदिन महाराष्ट्र में गोकुलाष्टमी के रूप में मनाया जाता है; ५ सितंबर को भव्य दही हांडी का आयोजन होता है; मध्यरात्रि के जन्म मुहूर्त तक उपवास किया जाता है,Prepare Gopalkala (soaked poha mixed with curd; jaggery; coconut and banana) the previous evening and refrigerate; serve as midnight prasad the moment Krishna's Janma Muhurta is announced,गोपाळकाला (भिजवलेले पोहे; दही; गूळ; खोबरे आणि केळे एकत्र करून) आदल्या संध्याकाळी करून फ्रिजमध्ये ठेवा; श्रीकृष्ण जन्ममुहूर्त जाहीर होताच मध्यरात्रीचा प्रसाद म्हणून वाढा,गोपालकाला (भिगोए पोहे में दही; गुड़; नारियल और केला मिलाकर) एक शाम पहले बनाकर फ्रिज में रखें; श्रीकृष्ण का जन्म मुहूर्त घोषित होते ही मध्यरात्रि के प्रसाद के रूप में परोसें
Shravan Somvar,2026-09-07,Fourth and final Monday of Shravan (Amavasyant Maharashtra); the last Shravan Somvar completes the sacred month's devotional cycle; families traditionally perform a closing Shiva puja and distribute prasad to all in the household and neighbors,श्रावणातील चौथा आणि शेवटचा सोमवार (अमावास्यांत महाराष्ट्र); शेवटच्या श्रावणी सोमवारने या पवित्र महिन्याचे भक्तिचक्र पूर्ण होते; कुटुंबे समारोपाची शिवपूजा करून घरातील सर्वांना आणि शेजाऱ्यांना प्रसाद वाटतात,श्रावण का चौथा और अंतिम सोमवार (अमावस्यांत महाराष्ट्र); अंतिम श्रावण सोमवार से इस पवित्र मास का भक्ति चक्र पूर्ण होता है; परिवार समापन की शिव पूजा कर घर के सभी सदस्यों और पड़ोसियों को प्रसाद बांटते हैं,On the final Shravan Somvar make a slightly larger batch of Sabudana Khichdi and Rajgira Ladoo to share with neighbors; sharing prasad at the close of the holy month is an auspicious Maharashtrian tradition,शेवटच्या श्रावणी सोमवारी साबुदाणा खिचडी आणि राजगिरा लाडू थोडे जास्त करा आणि शेजाऱ्यांना वाटा; पवित्र महिन्याच्या सांगतेला प्रसाद वाटणे ही शुभ महाराष्ट्रीय परंपरा आहे,अंतिम श्रावण सोमवार को साबूदाना खिचड़ी और राजगिरा लड्डू थोड़े अधिक बनाएं और पड़ोसियों में बांटें; पवित्र मास के समापन पर प्रसाद बांटना शुभ महाराष्ट्रीय परंपरा है
Aja Ekadashi,2026-09-07,Bhadra Krishna Ekadashi; fasting removes even the most deeply held past karma; also the fourth and final Shravan Somvar in Amavasyant Maharashtra making it a combined Shiva-Vishnu devotion day of special merit,भाद्रपद कृष्ण एकादशी; या उपवासाने अत्यंत खोलवर रुजलेले पूर्वकर्मही नाहीसे होते; अमावास्यांत महाराष्ट्रात हाच श्रावणातील चौथा आणि शेवटचा सोमवार असल्याने शिव आणि विष्णू या दोघांच्या भक्तीचा विशेष पुण्यदायी दिवस,भाद्रपद कृष्ण एकादशी; इस व्रत से अत्यंत गहरे पूर्व कर्म भी नष्ट होते हैं; अमावस्यांत महाराष्ट्र में यही श्रावण का चौथा और अंतिम सोमवार होने से यह शिव और विष्णु दोनों की भक्ति का विशेष पुण्यदायी दिन है,On this final Shravan Ekadashi offer a concluding gratitude puja to both Vishnu and Shiva; prepare a slightly larger prasad batch and distribute to neighbors to share the spiritual merit of this combined observance,श्रावणातील या शेवटच्या एकादशीला विष्णू आणि शिव या दोघांची कृतज्ञतेची समारोप पूजा करा; प्रसाद थोडा जास्त करून शेजाऱ्यांना वाटा आणि या संयुक्त व्रताचे पुण्य वाटून घ्या,श्रावण की इस अंतिम एकादशी पर विष्णु और शिव दोनों की कृतज्ञता की समापन पूजा करें; प्रसाद थोड़ा अधिक बनाकर पड़ोसियों में बांटें और इस संयुक्त व्रत का पुण्य साझा करें
Mangala Gaur,2026-09-08,Fourth and final Tuesday of Shravan; the culminating Mangala Gaur celebration features the most elaborate puja and all-night singing; women perform the 16-item Shodasha Upachar to Goddess Parvati and receive blessings for the year ahead,श्रावणातील चौथा आणि शेवटचा मंगळवार; समारोपाच्या मंगळागौरीत सर्वात विस्तृत पूजा आणि रात्रभर खेळ-गाणी होतात; स्त्रिया पार्वतीदेवीची षोडशोपचार पूजा करून वर्षभरासाठी आशीर्वाद घेतात,श्रावण का चौथा और अंतिम मंगलवार; समापन की मंगला गौरी में सबसे विस्तृत पूजा और रातभर गीत-खेल होते हैं; स्त्रियां पार्वती देवी की षोडशोपचार पूजा कर आने वाले वर्ष का आशीर्वाद लेती हैं,For the final Mangala Gaur prepare the traditional 16-item prasad (16 each of puri; ladoo; modak etc.); start preparation two days ahead and store in airtight dabbas so nothing is rushed on the puja day itself,शेवटच्या मंगळागौरीसाठी पारंपरिक सोळा पदार्थांचा प्रसाद करा (पुरी; लाडू; मोदक असे प्रत्येकी सोळा); तयारी दोन दिवस आधी सुरू करून हवाबंद डब्यांत ठेवा म्हणजे पूजेच्या दिवशी घाई होणार नाही,अंतिम मंगला गौरी के लिए पारंपरिक सोलह पदार्थों का प्रसाद बनाएं (पूरी; लड्डू; मोदक आदि प्रत्येक सोलह); तैयारी दो दिन पहले शुरू कर हवाबंद डिब्बों में रखें ताकि पूजा के दिन जल्दबाजी न हो
Bail Pola,2026-09-11,Shravana Amavasya (end of Shravan for Amavasyant Maharashtra); farmers honour bullocks and cattle for their agricultural contribution; cattle are bathed; decorated and taken in a procession; Puranpoli is made as a special offering for the bulls,श्रावण अमावास्या (अमावास्यांत महाराष्ट्रात श्रावणाची सांगता); शेतकरी बैल आणि गुरांच्या शेतीतील कष्टांचा सन्मान करतात; गुरांना आंघोळ घालून सजवले जाते आणि मिरवणूक काढली जाते; बैलांसाठी खास पुरणपोळीचा नैवेद्य केला जातो,श्रावण अमावस्या (अमावस्यांत महाराष्ट्र में श्रावण की समाप्ति); किसान बैलों और मवेशियों के कृषि योगदान का सम्मान करते हैं; मवेशियों को नहलाकर सजाया जाता है और जुलूस निकाला जाता है; बैलों के लिए विशेष पूरन पोली का नैवेद्य बनाया जाता है,Prepare two batches of Puranpoli on Bail Pola — a finer one for the family and a coarser one for the decorated bullocks; the offering to cattle must be made first before the family sits down to eat,बैलपोळ्याला पुरणपोळीचे दोन घाणे करा — कुटुंबासाठी बारीक आणि सजवलेल्या बैलांसाठी थोडी जाडसर; कुटुंब जेवायला बसण्यापूर्वी आधी बैलांना नैवेद्य दाखवावा,बैल पोला पर पूरन पोली के दो बैच बनाएं — परिवार के लिए महीन और सजे हुए बैलों के लिए थोड़ी मोटी; परिवार के भोजन पर बैठने से पहले पहले बैलों को नैवेद्य अर्पित करना चाहिए
Hartalika Teej,2026-09-13,Bhadra Shukla Tritiya; one day before Ganesh Chaturthi; married women observe a strict waterless fast and worship Goddess Parvati with a sand-idol of Shiva-Parvati; also called Gauri Avahan as the Gauri idol is brought home for Ganesh Chaturthi,भाद्रपद शुक्ल तृतीया; गणेश चतुर्थीच्या एक दिवस आधी; सुवासिनी कडक निर्जळी उपवास करून वाळूच्या शिव-पार्वती मूर्तीची पूजा करतात; गणेश चतुर्थीसाठी गौर घरी आणली जात असल्याने यालाच गौरी आवाहन म्हणतात,भाद्रपद शुक्ल तृतीया; गणेश चतुर्थी से एक दिन पहले; सुहागिन स्त्रियां कठोर निर्जला व्रत रखकर रेत की शिव-पार्वती मूर्ति की पूजा करती हैं; गणेश चतुर्थी के लिए गौरी घर लाई जाती है इसलिए इसे गौरी आवाहन भी कहते हैं,Hartalika Teej is traditionally a nirjala (no water) fast; consult family elders before attempting; for those observing with water prepare all upvas food before sunrise so it is ready when breaking the fast,हरतालिका तीज हा पारंपरिकरीत्या निर्जळी उपवास आहे; करण्यापूर्वी घरातील वडीलधाऱ्यांचा सल्ला घ्या; पाणी घेऊन उपवास करणाऱ्यांनी सूर्योदयापूर्वीच सर्व उपवासाचे पदार्थ तयार ठेवावेत म्हणजे उपवास सोडताना ते तयार असतील,हरतालिका तीज पारंपरिक रूप से निर्जला व्रत है; करने से पहले घर के बुजुर्गों की सलाह लें; जल लेकर व्रत रखने वालों को सूर्योदय से पहले ही सभी उपवास के पदार्थ तैयार रखने चाहिए ताकि व्रत खोलते समय वे तैयार हों
Ganesh Chaturthi,2026-09-14,Bhadra Shukla Chaturthi; the 10-day Ganeshotsav festival begins with the installation of Ganesha idol at home; Maharashtra's grandest festival popularised as a public event by Lokmanya Tilak in 1893; Ukdiche Modak (steamed rice flour dumplings) are the Lord's favourite naivedya,भाद्रपद शुक्ल चतुर्थी; दहा दिवसांच्या गणेशोत्सवाची सुरुवात घरी गणपतीच्या प्रतिष्ठापनेने होते; लोकमान्य टिळकांनी १८९३ साली सार्वजनिक स्वरूप दिलेला महाराष्ट्रातील सर्वात मोठा उत्सव; उकडीचे मोदक हा बाप्पाचा आवडता नैवेद्य,भाद्रपद शुक्ल चतुर्थी; दस दिनों के गणेशोत्सव की शुरुआत घर में गणपति की प्रतिष्ठापना से होती है; लोकमान्य तिलक द्वारा १८९३ में सार्वजनिक रूप दिया गया महाराष्ट्र का सबसे बड़ा उत्सव; उकडीचे मोदक (भाप में पके चावल के आटे के मोदक) बप्पा का प्रिय नैवेद्य है,For Ukdiche Modak add boiling water to rice flour all at once and knead immediately while the dough is hot; this gives a pliable non-sticky dough; shape modak within 20 minutes of mixing and steam immediately,उकडीच्या मोदकांसाठी तांदळाच्या पिठात उकळते पाणी एकाच वेळी घालून पीठ गरम असतानाच लगेच मळा; त्याने उकड मऊ आणि न चिकटणारी होते; मळल्यापासून वीस मिनिटांत मोदक वळून लगेच वाफवा,उकडीचे मोदक के लिए चावल के आटे में खौलता पानी एक ही बार में डालकर आटा गर्म रहते ही तुरंत गूंथें; इससे लोई मुलायम और बिना चिपकने वाली बनती है; गूंथने के बीस मिनट के भीतर मोदक बनाकर तुरंत भाप में पकाएं
Parsva Ekadashi,2026-09-22,Bhadra Shukla Ekadashi; Lord Vishnu turns to his right side (parsva) during Yoga Nidra marking the second phase of Chaturmas; worship with fresh tulsi and lotus flowers is especially beneficial; observed during the 10-day Ganeshotsav period,भाद्रपद शुक्ल एकादशी; योगनिद्रेत असलेले भगवान विष्णू उजव्या कुशीवर (पार्श्व) वळतात आणि चातुर्मासाचा दुसरा टप्पा सुरू होतो; ताजी तुळस आणि कमळ अर्पण करून केलेली पूजा विशेष फलदायी; गणेशोत्सवाच्या दहा दिवसांतच ही एकादशी येते,भाद्रपद शुक्ल एकादशी; योगनिद्रा में लीन भगवान विष्णु दाहिनी करवट (पार्श्व) लेते हैं और चातुर्मास का दूसरा चरण आरंभ होता है; ताजी तुलसी और कमल अर्पित कर की गई पूजा विशेष फलदायी है; यह एकादशी गणेशोत्सव के दस दिनों में ही आती है,Offer tulsi-jal (water with fresh tulsi leaves) to Lord Vishnu on Parsva Ekadashi before cooking your own fast food; this small ritual seals the spiritual merit of the day's fast,पार्श्व एकादशीला स्वतःचा उपवासाचा स्वयंपाक सुरू करण्यापूर्वी भगवान विष्णूला तुळशीजल (ताज्या तुळशीपत्रांचे पाणी) अर्पण करा; या छोट्या विधीने दिवसभराच्या उपवासाचे पुण्य पूर्ण होते,पार्श्व एकादशी पर अपना उपवास का भोजन बनाने से पहले भगवान विष्णु को तुलसी-जल (ताजे तुलसी पत्रों का जल) अर्पित करें; इस छोटे अनुष्ठान से दिनभर के व्रत का पुण्य पूर्ण होता है
Anant Chaturdashi,2026-09-25,Bhadra Shukla Chaturdashi; 10th and final day of Ganeshotsav; grand Ganesh Visarjan immersion processions fill Maharashtra's streets with music and colour; the 14-knot Anant thread is tied for Lord Vishnu; culmination of Maharashtra's biggest festival,भाद्रपद शुक्ल चतुर्दशी; गणेशोत्सवाचा दहावा आणि शेवटचा दिवस; भव्य गणेश विसर्जन मिरवणुकांनी महाराष्ट्रातील रस्ते वाद्ये आणि रंगांनी भरून जातात; भगवान विष्णूसाठी चौदा गाठींचा अनंत दोरा बांधला जातो; महाराष्ट्रातील सर्वात मोठ्या उत्सवाची सांगता,भाद्रपद शुक्ल चतुर्दशी; गणेशोत्सव का दसवां और अंतिम दिन; भव्य गणेश विसर्जन जुलूसों से महाराष्ट्र की सड़कें संगीत और रंगों से भर जाती हैं; भगवान विष्णु के लिए चौदह गांठों वाला अनंत सूत्र बांधा जाता है; महाराष्ट्र के सबसे बड़े उत्सव की परिणति,Prepare the farewell modak naivedya early on Visarjan morning as processions leave by 9 AM; make a small batch the previous evening and reheat by steaming for 5 minutes in a closed vessel,विसर्जनाच्या दिवशी मिरवणुका सकाळी नऊपर्यंत निघत असल्याने निरोपाचा मोदकाचा नैवेद्य लवकर तयार करा; आदल्या संध्याकाळी थोडे मोदक करून ठेवा आणि झाकलेल्या भांड्यात पाच मिनिटे वाफवून गरम करा,विसर्जन के दिन जुलूस सुबह नौ बजे तक निकल जाते हैं इसलिए विदाई का मोदक नैवेद्य जल्दी तैयार करें; एक शाम पहले थोड़े मोदक बनाकर रखें और ढके बर्तन में पांच मिनट भाप देकर गर्म करें
Pitru Paksha Arambh,2026-09-27,Bhadrapada Purnima marks the start of the 16-day Pitru Paksha (Shradh fortnight); offerings of sesame; water and rice balls (pind) are made to ancestors; sattvic food without garlic and onion is observed throughout all 16 days by devoted households,भाद्रपद पौर्णिमेपासून सोळा दिवसांच्या पितृपक्षाला (श्राद्धपक्ष) सुरुवात होते; पूर्वजांना तीळ; पाणी आणि पिंडदान अर्पण केले जाते; श्रद्धाळू कुटुंबे सोळाही दिवस लसूण-कांद्याविना सात्त्विक आहार घेतात,भाद्रपद पूर्णिमा से सोलह दिनों के पितृ पक्ष (श्राद्ध पक्ष) की शुरुआत होती है; पूर्वजों को तिल; जल और पिंडदान अर्पित किया जाता है; श्रद्धालु परिवार सोलहों दिन लहसुन-प्याज रहित सात्त्विक आहार लेते हैं,During all 16 days of Pitru Paksha cook without onion and garlic; avoid non-vegetarian food; a simple sattvic dal-rice-ghee thali daily is the ideal ancestral offering and cleanest kitchen practice,पितृपक्षाच्या सोळाही दिवसांत कांदा-लसूणविरहित स्वयंपाक करा; मांसाहार टाळा; रोज साधी सात्त्विक वरण-भात-तूप ताटली हाच आदर्श पितृनैवेद्य आणि सर्वात शुद्ध स्वयंपाकघरातील आचार आहे,पितृ पक्ष के सोलहों दिन प्याज-लहसुन रहित भोजन बनाएं; मांसाहार से बचें; रोज सादी सात्त्विक दाल-चावल-घी की थाली ही आदर्श पितृ नैवेद्य और सबसे शुद्ध रसोई आचरण है
Indira Ekadashi,2026-10-07,Ashwin Krishna Ekadashi; fasting during Pitru Paksha on this Ekadashi is said to free departed ancestors from negative realms; recommended specifically for those worried about ancestors who may have died in difficult circumstances,आश्विन कृष्ण एकादशी; पितृपक्षातील या एकादशीचा उपवास केल्याने दिवंगत पूर्वजांची दुर्गतीतून मुक्तता होते असे मानले जाते; कठीण परिस्थितीत निधन झालेल्या पूर्वजांची चिंता असणाऱ्यांसाठी हे व्रत विशेषत्वाने सांगितले आहे,आश्विन कृष्ण एकादशी; पितृ पक्ष की इस एकादशी का व्रत करने से दिवंगत पूर्वजों की दुर्गति से मुक्ति होती है ऐसा माना जाता है; कठिन परिस्थितियों में दिवंगत हुए पूर्वजों की चिंता रखने वालों के लिए यह व्रत विशेष रूप से बताया गया है,On Indira Ekadashi during Pitru Paksha offer a glass of water with black sesame to your ancestors in the morning before beginning your own fast; this dual act is considered doubly beneficial,पितृपक्षातील इंदिरा एकादशीला स्वतःचा उपवास सुरू करण्यापूर्वी सकाळी पूर्वजांना काळ्या तिळाचे पाणी अर्पण करा; हे दुहेरी कर्म दुप्पट फलदायी मानले जाते,पितृ पक्ष की इंदिरा एकादशी पर अपना व्रत आरंभ करने से पहले सुबह पूर्वजों को काले तिल मिला जल अर्पित करें; यह दोहरा कर्म दोगुना फलदायी माना जाता है
Mahalaya Amavasya,2026-10-10,Ashwin Krishna Amavasya; final day of Pitru Paksha; Sarva Pitru Amavasya where those who missed individual Shradh dates can perform all ancestral rites on this one day; among the most important days for ancestral offerings in the entire Hindu calendar,आश्विन कृष्ण अमावास्या; पितृपक्षाचा शेवटचा दिवस; सर्वपित्री अमावास्येला ज्यांच्या श्राद्धाची तिथी चुकली असेल त्या सर्व पूर्वजांचे श्राद्ध एकाच दिवशी करता येते; संपूर्ण हिंदू पंचांगातील पितृकार्यासाठीचा सर्वात महत्त्वाचा दिवस,आश्विन कृष्ण अमावस्या; पितृ पक्ष का अंतिम दिन; सर्वपितृ अमावस्या पर जिनकी श्राद्ध तिथि छूट गई हो उन सभी पूर्वजों का श्राद्ध एक ही दिन किया जा सकता है; संपूर्ण हिंदू पंचांग में पितृ कार्य के सबसे महत्वपूर्ण दिनों में से एक,Cook a full ancestral Shradh meal fresh on Mahalaya Amavasya even if other Shradh days were missed; prepare before noon as the Kutup Muhurt (midday window) is the prescribed time for ancestral rites,इतर श्राद्धाचे दिवस चुकले असले तरी महालय अमावास्येला संपूर्ण श्राद्धाचा स्वयंपाक ताजा करा; पितृकार्यासाठी कुतुप मुहूर्त (दुपारची वेळ) सांगितलेला असल्याने दुपारपूर्वीच तयारी करा,अन्य श्राद्ध दिन छूट गए हों तब भी महालय अमावस्या पर संपूर्ण श्राद्ध का भोजन ताजा बनाएं; पितृ कार्य के लिए कुतुप मुहूर्त (दोपहर का समय) निर्धारित है इसलिए दोपहर से पहले तैयारी कर लें
Shardiya Navratri,2026-10-11,Ashwin Shukla Pratipada; Ghatasthapana opens the 9-day Navratri; nine forms of Goddess Durga are worshipped over nine nights; many Maharashtrian women observe an upvas (fruit fast) for all 9 days; the festival culminates on Dussehra on October 20,आश्विन शुक्ल प्रतिपदा; घटस्थापनेने नऊ दिवसांच्या नवरात्रीला सुरुवात होते; नऊ रात्री दुर्गादेवीच्या नऊ रूपांची पूजा केली जाते; अनेक महाराष्ट्रीय स्त्रिया नऊही दिवस फराळी उपवास करतात; २० ऑक्टोबरच्या दसऱ्याने उत्सवाची सांगता होते,आश्विन शुक्ल प्रतिपदा; घटस्थापना से नौ दिनों की नवरात्रि आरंभ होती है; नौ रातों तक दुर्गा देवी के नौ रूपों की पूजा की जाती है; कई महाराष्ट्रीय स्त्रियां नौ दिन फलाहारी उपवास रखती हैं; २० अक्टूबर के दशहरे पर उत्सव संपन्न होता है,Prepare a large batch of Rajgira Ladoos on Navratri Day 1 to use as quick energy snacks during all 9 days; store in an airtight container and they stay fresh throughout the entire festival,नवरात्रीच्या पहिल्या दिवशी राजगिरा लाडू भरपूर करून ठेवा म्हणजे नऊही दिवस झटपट ऊर्जेसाठी उपयोगी पडतील; हवाबंद डब्यात ठेवल्यास ते संपूर्ण उत्सवभर ताजे राहतात,नवरात्रि के पहले दिन राजगिरा लड्डू अधिक मात्रा में बनाकर रखें ताकि नौ दिन झटपट ऊर्जा के लिए काम आएं; हवाबंद डिब्बे में रखने पर वे पूरे उत्सव भर ताजे रहते हैं
Maha Navami,2026-10-19,Ashwin Shukla Navami; 9th and final day of Navratri; Maha Navami puja to Goddess Saraswati; Ayudha Puja (worship of tools and vehicles) is performed; Kanya Puja honours young girls as the Goddess; the Navratri upvas concludes with an evening feast,आश्विन शुक्ल नवमी; नवरात्रीचा नववा आणि शेवटचा दिवस; महानवमीला सरस्वतीदेवीची पूजा केली जाते; आयुधपूजा (अवजारे आणि वाहनांची पूजा) केली जाते; कन्यापूजनात लहान मुलींना देवीचे रूप मानून पूजले जाते; संध्याकाळच्या भोजनाने नवरात्रीचा उपवास सोडला जातो,आश्विन शुक्ल नवमी; नवरात्रि का नौवां और अंतिम दिन; महानवमी पर सरस्वती देवी की पूजा होती है; आयुध पूजा (औजारों और वाहनों की पूजा) की जाती है; कन्या पूजन में छोटी बालिकाओं को देवी रूप मानकर पूजा जाता है; संध्या के भोजन से नवरात्रि का व्रत खोला जाता है,For Kanya Puja on Maha Navami prepare the traditional three-item thali — halwa; puri and kala chana (black chickpea curry); these three together are the canonical Navratri Kanya bhog in Maharashtra,महानवमीच्या कन्यापूजनासाठी पारंपरिक तीन पदार्थांचे ताट करा — शिरा; पुरी आणि काळे चणे; महाराष्ट्रात हे तीनच पदार्थ नवरात्रीच्या कन्याभोगाचे शास्त्रशुद्ध रूप मानले जातात,महानवमी के कन्या पूजन के लिए पारंपरिक तीन पदार्थों की थाली बनाएं — हलवा; पूरी और काला चना; महाराष्ट्र में यही तीन नवरात्रि के कन्या भोग का शास्त्रीय रूप माने जाते हैं
Dussehra,2026-10-20,Ashwin Shukla Dashami; Vijayadashami celebrates Goddess Durga's victory and Lord Rama's over Ravana; in Maharashtra apta leaves (sone ki patti) are exchanged as symbolic gold and the Shami tree is worshipped; a grand feast breaks the Navratri fast,आश्विन शुक्ल दशमी; विजयादशमीला दुर्गादेवीचा विजय आणि प्रभू रामांचा रावणावरील विजय साजरा होतो; महाराष्ट्रात आपट्याची पाने सोने म्हणून एकमेकांना दिली जातात आणि शमीच्या वृक्षाची पूजा केली जाते; भव्य भोजनाने नवरात्रीचा उपवास सोडला जातो,आश्विन शुक्ल दशमी; विजयादशमी पर दुर्गा देवी की विजय और प्रभु राम की रावण पर विजय मनाई जाती है; महाराष्ट्र में आपटा के पत्ते सोने के रूप में एक-दूसरे को दिए जाते हैं और शमी वृक्ष की पूजा की जाती है; भव्य भोजन से नवरात्रि का व्रत खोला जाता है,Soak curd in muslin the previous night to make thick chakka for Shrikhand; the longer it drains (8-12 hours) the thicker and creamier the final shrikhand will be; add saffron only after draining,श्रीखंडासाठी घट्ट चक्का करण्यासाठी आदल्या रात्री दही मलमलच्या फडक्यात बांधून टांगा; जितका जास्त वेळ पाणी निथळेल (आठ ते बारा तास) तितके श्रीखंड घट्ट आणि मलईदार होते; केशर पाणी निथळल्यावरच घाला,श्रीखंड के लिए गाढ़ा चक्का बनाने हेतु एक रात पहले दही मलमल के कपड़े में बांधकर टांगें; जितनी देर पानी निथरेगा (आठ से बारह घंटे) उतना ही श्रीखंड गाढ़ा और मलाईदार बनेगा; केसर पानी निथरने के बाद ही डालें
Pasankusa Ekadashi,2026-10-21,Ashwin Shukla Ekadashi; comes the day after Dussehra celebrations; fasting on this Ekadashi after the Navratri feast week helps restore the body's digestive balance; Lord Vishnu is worshipped with tulsi and lotus flowers,आश्विन शुक्ल एकादशी; दसऱ्याच्या उत्सवानंतर लगेच दुसऱ्या दिवशी येते; नवरात्रीच्या भोजनाच्या आठवड्यानंतर या एकादशीचा उपवास पचनसंस्थेचा तोल सावरण्यास मदत करतो; तुळस आणि कमळ अर्पण करून भगवान विष्णूची पूजा केली जाते,आश्विन शुक्ल एकादशी; दशहरे के उत्सव के ठीक अगले दिन आती है; नवरात्रि के भोजन सप्ताह के बाद इस एकादशी का व्रत पाचन का संतुलन लौटाने में सहायक होता है; तुलसी और कमल अर्पित कर भगवान विष्णु की पूजा की जाती है,After the rich Dussehra feast keep Pasankusa Ekadashi upvas light and digestive — just sabudana khichdi and fruits rather than fried vadas; this gentle fast helps the gut reset after the festival week,दसऱ्याच्या जड जेवणानंतर पाशांकुशा एकादशीचा उपवास हलका आणि पचायला सोपा ठेवा — तळलेल्या वड्यांऐवजी फक्त साबुदाणा खिचडी आणि फळे; या सौम्य उपवासाने उत्सवाच्या आठवड्यानंतर पोट पूर्ववत होते,दशहरे के भारी भोजन के बाद पाशांकुशा एकादशी का व्रत हल्का और सुपाच्य रखें — तली वड़ों के बजाय केवल साबूदाना खिचड़ी और फल; यह कोमल व्रत उत्सव सप्ताह के बाद पेट को पूर्ववत करने में मदद करता है
Kojagiri Pournima,2026-10-26,Ashwin Purnima (Sharad Purnima); Goddess Lakshmi descends asking 'Ko Jagarti?' (who is awake?) and blesses those who stay awake all night; the moon's rays on this night infuse medicinal properties into any food left under the open sky; one of Maharashtra's most beloved festivals,आश्विन पौर्णिमा (शरद पौर्णिमा); लक्ष्मीदेवी 'को जागर्ति?' (कोण जागे आहे?) असे विचारत पृथ्वीवर येते आणि रात्रभर जागणाऱ्यांना आशीर्वाद देते; या रात्री उघड्या आकाशाखाली ठेवलेल्या अन्नात चंद्रकिरणांमुळे औषधी गुण उतरतात; महाराष्ट्रातील सर्वात लाडक्या सणांपैकी एक,आश्विन पूर्णिमा (शरद पूर्णिमा); लक्ष्मी देवी 'को जागर्ति?' (कौन जाग रहा है?) पूछती हुई पृथ्वी पर आती हैं और रातभर जागने वालों को आशीर्वाद देती हैं; इस रात खुले आकाश के नीचे रखे भोजन में चंद्रकिरणों से औषधीय गुण आ जाते हैं; महाराष्ट्र के सबसे प्रिय त्योहारों में से एक,Reduce full-cream milk by one-third before adding saffron soaked in warm milk; place the vessel under open sky after puja and consume the moon-bathed Masala Doodh the next morning for maximum benefit,फुल क्रीम दूध एक तृतीयांश आटवा आणि मग कोमट दुधात भिजवलेले केशर घाला; पूजेनंतर भांडे उघड्या आकाशाखाली ठेवा आणि चंद्रप्रकाशात राहिलेले मसाला दूध दुसऱ्या दिवशी सकाळी प्यायल्यास सर्वाधिक लाभ होतो,फुल क्रीम दूध एक तिहाई तक गाढ़ा करें और फिर गुनगुने दूध में भिगोया केसर डालें; पूजा के बाद बर्तन खुले आकाश के नीचे रखें और चांदनी में रखा मसाला दूध अगली सुबह पीने से सर्वाधिक लाभ होता है
Rama Ekadashi,2026-11-05,Kartik Krishna Ekadashi; the day before Dhanteras; named after Goddess Rama (Lakshmi) who is especially propitiated before Diwali; observing this fast is considered essential Diwali spiritual preparation for Lakshmi's welcome,कार्तिक कृष्ण एकादशी; धनत्रयोदशीच्या आदल्या दिवशी येते; दिवाळीपूर्वी विशेषत्वाने पूजल्या जाणाऱ्या रमा (लक्ष्मी) देवीवरून हे नाव पडले; लक्ष्मीच्या स्वागतासाठी हा उपवास ही दिवाळीची आवश्यक आध्यात्मिक तयारी मानली जाते,कार्तिक कृष्ण एकादशी; धनतेरस से एक दिन पहले आती है; दिवाली से पूर्व विशेष रूप से पूजी जाने वाली रमा (लक्ष्मी) देवी पर यह नाम पड़ा; लक्ष्मी के स्वागत हेतु यह व्रत दिवाली की आवश्यक आध्यात्मिक तैयारी मानी जाती है,Rama Ekadashi is a good day to complete advance Faral dough preparations (chakli dough; karanji filling) that need rest time; the fast keeps you focused and steady while the kitchen work is done between puja times,फराळाच्या ज्या तयारीला मुरण्यासाठी वेळ लागतो (चकलीची भाजणी; करंजीचे सारण) ती रमा एकादशीला करून ठेवणे सोयीचे; उपवासामुळे मन एकाग्र राहते आणि पूजेच्या वेळांमध्ये स्वयंपाकघरातील काम शांतपणे होते,फराल की जिन तैयारियों को रखने का समय चाहिए (चकली का आटा; करंजी का भरावन) वे रमा एकादशी पर कर लेना सुविधाजनक है; व्रत से मन एकाग्र रहता है और पूजा के समय के बीच रसोई का काम शांति से हो जाता है
Dhanteras,2026-11-06,Kartik Krishna Trayodashi; birthday of Dhanvantari (god of Ayurveda); gold; silver and new utensils are bought for prosperity; the first lamps of Diwali are lit at sunset; in Maharashtra coriander seeds (dhana) are offered as the traditional prasad,कार्तिक कृष्ण त्रयोदशी; आयुर्वेदाचे देव धन्वंतरी यांचा जन्मदिवस; भरभराटीसाठी सोने; चांदी आणि नवीन भांडी खरेदी केली जातात; सूर्यास्ताला दिवाळीचे पहिले दिवे लावले जातात; महाराष्ट्रात धने (धना) हा पारंपरिक प्रसाद अर्पण केला जातो,कार्तिक कृष्ण त्रयोदशी; आयुर्वेद के देव धन्वंतरि का जन्मदिन; समृद्धि के लिए सोना; चांदी और नए बर्तन खरीदे जाते हैं; सूर्यास्त पर दिवाली के पहले दीये जलाए जाते हैं; महाराष्ट्र में धनिया (धना) पारंपरिक प्रसाद के रूप में अर्पित किया जाता है,Roast coriander seeds lightly in ghee before mixing with jaggery for the Dhanvantari prasad; this is the unique Maharashtrian Dhanteras prasad tradition; distribute small packets to all family members after puja,धन्वंतरी प्रसादासाठी धने तुपात हलकेच भाजून मग गुळात मिसळा; ही महाराष्ट्राची खास धनत्रयोदशीची प्रसादपरंपरा आहे; पूजेनंतर घरातील सर्वांना छोट्या पुड्या वाटा,धन्वंतरि प्रसाद के लिए धनिया घी में हल्का भूनकर फिर गुड़ में मिलाएं; यह महाराष्ट्र की विशिष्ट धनतेरस प्रसाद परंपरा है; पूजा के बाद घर के सभी सदस्यों को छोटी पुड़ियां बांटें
Narak Chaturdashi,2026-11-07,Kartik Krishna Chaturdashi; Lord Krishna defeated the demon Narakasura; the traditional pre-dawn ritual bath with ubtan (sesame-oil-turmeric paste) is followed by lighting 14 diyas; Maharashtrian Faral (festival snack assortment) making reaches its peak today,कार्तिक कृष्ण चतुर्दशी; भगवान श्रीकृष्णाने नरकासुराचा वध केला; पहाटे उटणे (तीळतेल-हळदीचा लेप) लावून अभ्यंगस्नान केले जाते आणि त्यानंतर चौदा दिवे लावले जातात; महाराष्ट्रीय फराळाची तयारी आज शिगेला पोहोचते,कार्तिक कृष्ण चतुर्दशी; भगवान श्रीकृष्ण ने नरकासुर का वध किया; तड़के उबटन (तिल के तेल और हल्दी का लेप) लगाकर अभ्यंग स्नान किया जाता है और फिर चौदह दीये जलाए जाते हैं; महाराष्ट्रीय फराल (त्योहारी पकवान) की तैयारी आज चरम पर होती है,Apply the traditional Abhyangasnan ubtan (sesame oil; turmeric and gram flour paste) before the pre-dawn bath; use a copper or brass vessel to warm the water — this is the auspicious Abhyangasnan tradition in Maharashtra,पहाटेच्या स्नानापूर्वी पारंपरिक अभ्यंगस्नानाचे उटणे (तीळतेल; हळद आणि बेसनाचा लेप) लावा; पाणी तांब्याच्या किंवा पितळेच्या भांड्यात तापवा — हीच महाराष्ट्रातील शुभ अभ्यंगस्नान परंपरा आहे,तड़के के स्नान से पहले पारंपरिक अभ्यंग स्नान का उबटन (तिल का तेल; हल्दी और बेसन का लेप) लगाएं; पानी तांबे या पीतल के बर्तन में गर्म करें — यही महाराष्ट्र की शुभ अभ्यंग स्नान परंपरा है
Diwali,2026-11-08,Kartik Krishna Amavasya; the Festival of Lights; Goddess Lakshmi is worshipped during the darkest lunar night; the full Maharashtrian Faral — Chakli; Karanji; Besan Ladoo; Anarse; Shankarpali and Chivda — is offered to the Goddess and distributed to guests and neighbours,कार्तिक कृष्ण अमावास्या; दिव्यांचा सण; वर्षातील सर्वात अंधाऱ्या रात्री लक्ष्मीदेवीची पूजा केली जाते; संपूर्ण महाराष्ट्रीय फराळ — चकली; करंजी; बेसन लाडू; अनारसे; शंकरपाळी आणि चिवडा — देवीला अर्पण करून पाहुण्यांना आणि शेजाऱ्यांना वाटला जातो,कार्तिक कृष्ण अमावस्या; रोशनी का त्योहार; वर्ष की सबसे अंधेरी रात में लक्ष्मी देवी की पूजा की जाती है; संपूर्ण महाराष्ट्रीय फराल — चकली; करंजी; बेसन लड्डू; अनारसे; शंकरपाली और चिवड़ा — देवी को अर्पित कर मेहमानों और पड़ोसियों में बांटा जाता है,Prepare Faral in this order over 3-5 days: Anarse first (they need 3 days soaking); then Karanji filling; Chakli dough on Day -1; fry Chakli fresh on Diwali morning for maximum crunch throughout the day,फराळ तीन ते पाच दिवसांत या क्रमाने करा: आधी अनारसे (त्यांना तीन दिवस भिजवावे लागते); मग करंजीचे सारण; आदल्या दिवशी चकलीची भाजणी; आणि दिवाळीच्या सकाळी चकली ताजी तळा म्हणजे दिवसभर कुरकुरीत राहते,फराल तीन से पांच दिनों में इस क्रम में बनाएं: पहले अनारसे (उन्हें तीन दिन भिगोना पड़ता है); फिर करंजी का भरावन; एक दिन पहले चकली का आटा; और दिवाली की सुबह चकली ताजी तलें ताकि दिनभर कुरकुरी रहे
Bali Pratipada,2026-11-09,Kartik Shukla Pratipada; King Bali's annual return to earth is celebrated and Lord Vishnu's Vamana form is worshipped; in Maharashtra this is Diwali Padwa — couples celebrate their bond and husbands gift wives; the traditional morning dish is Pohe-Gul (poha with jaggery),कार्तिक शुक्ल प्रतिपदा; बळीराजाच्या वार्षिक पृथ्वीभेटीचा उत्सव साजरा होतो आणि भगवान विष्णूच्या वामन रूपाची पूजा केली जाते; महाराष्ट्रात हा दिवाळी पाडवा — पती-पत्नी आपल्या नात्याचा उत्सव साजरा करतात आणि पती पत्नीला ओवाळणी देतो; सकाळचा पारंपरिक पदार्थ म्हणजे पोहे-गूळ,कार्तिक शुक्ल प्रतिपदा; राजा बलि की वार्षिक पृथ्वी यात्रा का उत्सव मनाया जाता है और भगवान विष्णु के वामन रूप की पूजा की जाती है; महाराष्ट्र में यह दिवाली पाडवा है — पति-पत्नी अपने संबंध का उत्सव मनाते हैं और पति पत्नी को उपहार देता है; सुबह का पारंपरिक व्यंजन है पोहे-गुड़,Soak poha for 2 minutes and fluff before mixing with melted jaggery-ghee and fresh coconut for the first Diwali Padwa breakfast; serve immediately as Pohe-Gul does not hold well once dressed,दिवाळी पाडव्याच्या पहिल्या न्याहारीसाठी पोहे दोन मिनिटे भिजवून मोकळे करा आणि मग वितळलेला गूळ-तूप व ताजे खोबरे मिसळा; पोहे-गूळ मिसळल्यावर लगेच खावा कारण तो जास्त वेळ चांगला राहत नाही,दिवाली पाडवा के पहले नाश्ते के लिए पोहे दो मिनट भिगोकर फुला लें और फिर पिघला गुड़-घी व ताजा नारियल मिलाएं; पोहे-गुड़ मिलाते ही तुरंत परोसें क्योंकि वह देर तक अच्छा नहीं रहता
Bhau Beej,2026-11-10,Kartik Shukla Dwitiya; sisters perform aarti and feed brothers their favourite home-cooked meal; brothers give gifts; in Maharashtra the Bhau Beej spread is the most elaborate home cooking of the Diwali season with Basundi as the centrepiece dessert,कार्तिक शुक्ल द्वितीया; बहिणी भावाला ओवाळून त्याच्या आवडीचा घरचा स्वयंपाक वाढतात; भाऊ ओवाळणी देतो; महाराष्ट्रात भाऊबीजेचा बेत हा दिवाळीतील सर्वात विस्तृत घरगुती स्वयंपाक असतो आणि बासुंदी हा त्यातील मुख्य गोड पदार्थ,कार्तिक शुक्ल द्वितीया; बहनें भाई की आरती कर उसका मनपसंद घर का बना भोजन खिलाती हैं; भाई उपहार देते हैं; महाराष्ट्र में भाऊबीज का भोजन दिवाली का सबसे विस्तृत घरेलू पकवान होता है और बासुंदी उसका मुख्य मिष्ठान्न है,For Bhau Beej Basundi reduce full-cream milk stirring continuously on medium flame until it reduces by one-third; add saffron soaked in warm milk; cardamom and dry fruits at the very end — never at the start or they will overpower the flavour,भाऊबीजेच्या बासुंदीसाठी फुल क्रीम दूध मध्यम आचेवर सतत ढवळत एक तृतीयांश आटवा; कोमट दुधात भिजवलेले केशर; वेलची आणि सुकामेवा अगदी शेवटी घाला — सुरुवातीलाच घातल्यास त्यांचा वास चवीवर मात करतो,भाऊबीज की बासुंदी के लिए फुल क्रीम दूध मध्यम आंच पर लगातार चलाते हुए एक तिहाई तक गाढ़ा करें; गुनगुने दूध में भिगोया केसर; इलायची और मेवे बिल्कुल अंत में डालें — शुरू में डालने पर उनकी महक स्वाद पर हावी हो जाती है
Devutthana Ekadashi,2026-11-20,Kartik Shukla Ekadashi; Lord Vishnu wakes from Yoga Nidra ending Chaturmas; the second Pandharpur Wari (Kartiki) pilgrimage arrives; the 4-month pause on auspicious events like marriages and griha pravesh formally ends today; one of the two holiest Ekadashis in Maharashtra alongside Ashadhi,कार्तिक शुक्ल एकादशी; भगवान विष्णू योगनिद्रेतून जागे होतात आणि चातुर्मास संपतो; कार्तिकी पंढरपूर वारी याच दिवशी पोहोचते; लग्न आणि गृहप्रवेशासारख्या मंगलकार्यांवरील चार महिन्यांची स्थगिती आजपासून औपचारिकरीत्या संपते; आषाढीसह महाराष्ट्रातील दोन सर्वात पवित्र एकादशींपैकी एक,कार्तिक शुक्ल एकादशी; भगवान विष्णु योगनिद्रा से जागते हैं और चातुर्मास समाप्त होता है; कार्तिकी पंढरपुर वारी इसी दिन पहुंचती है; विवाह और गृह प्रवेश जैसे मांगलिक कार्यों पर लगी चार महीने की रोक आज औपचारिक रूप से समाप्त होती है; आषाढ़ी के साथ महाराष्ट्र की दो सबसे पवित्र एकादशियों में से एक,The tradition of offering freshly cut sugarcane to Tulsi on Devutthana Ekadashi means buying fresh sugarcane that morning; prepare the Tulsi Vivah prasad (panchkhadya) one day ahead for the following day's ceremony,देवउठनी एकादशीला तुळशीला ताजा कापलेला ऊस अर्पण करण्याची परंपरा असल्याने ऊस त्याच सकाळी ताजा आणा; दुसऱ्या दिवशीच्या तुळशी विवाहासाठी पंचखाद्य एक दिवस आधीच करून ठेवा,देवउठनी एकादशी पर तुलसी को ताजा कटा गन्ना अर्पित करने की परंपरा है इसलिए गन्ना उसी सुबह ताजा लाएं; अगले दिन के तुलसी विवाह के लिए पंचखाद्य एक दिन पहले ही बनाकर रखें
Tulsi Vivah,2026-11-21,Kartik Shukla Dwadashi; the ceremonial wedding of the Tulsi plant (Goddess Lakshmi) with Shaligram (Lord Vishnu); performed the day after Devutthana Ekadashi; marks the formal start of the Hindu wedding season; sugarcane and amla are used as ceremonial decor and offerings,कार्तिक शुक्ल द्वादशी; तुळशीचे (लक्ष्मीदेवी) शाळिग्रामाशी (भगवान विष्णू) विधिवत लग्न लावले जाते; देवउठनी एकादशीच्या दुसऱ्या दिवशी हा विधी होतो; यापासून हिंदू लग्नसराईची औपचारिक सुरुवात होते; ऊस आणि आवळा सजावट व नैवेद्यासाठी वापरले जातात,कार्तिक शुक्ल द्वादशी; तुलसी (लक्ष्मी देवी) का शालिग्राम (भगवान विष्णु) से विधिवत विवाह कराया जाता है; देवउठनी एकादशी के अगले दिन यह अनुष्ठान होता है; इससे हिंदू विवाह काल की औपचारिक शुरुआत होती है; गन्ना और आंवला सजावट तथा नैवेद्य के लिए उपयोग किए जाते हैं,Decorate the Tulsi Vrindavan with fresh sugarcane sticks and marigold flowers; prepare panchkhadya (soaked poha; jaggery; coconut; peanut; sesame) fresh on the morning of the ceremony as it is best served immediately,तुळशी वृंदावन ताज्या उसाच्या कांड्या आणि झेंडूच्या फुलांनी सजवा; पंचखाद्य (भिजवलेले पोहे; गूळ; खोबरे; शेंगदाणे; तीळ) विधीच्या सकाळीच ताजे करा कारण ते लगेच वाढल्यास उत्तम लागते,तुलसी वृंदावन ताजे गन्ने की डंडियों और गेंदे के फूलों से सजाएं; पंचखाद्य (भिगोए पोहे; गुड़; नारियल; मूंगफली; तिल) अनुष्ठान की सुबह ही ताजा बनाएं क्योंकि तुरंत परोसने पर वह सबसे अच्छा लगता है
Kartik Pournima,2026-11-30,Kartik Purnima; Lord Shiva destroyed the three demon cities (Tripurasura Vadha); the most sacred day of the sacred Kartik month; river bathing (snan); floating ghee lamps (deepotsav) and prasad distribution are traditional Maharashtrian observances on this night,कार्तिक पौर्णिमा; भगवान शंकरांनी त्रिपुरासुराच्या तीन नगरींचा नाश केला; पवित्र कार्तिक महिन्यातील सर्वात पवित्र दिवस; नदीस्नान; तुपाचे दिवे सोडणे (दीपोत्सव) आणि प्रसादवाटप या महाराष्ट्रीय परंपरा या रात्री पाळल्या जातात,कार्तिक पूर्णिमा; भगवान शिव ने त्रिपुरासुर की तीन नगरियों का नाश किया; पवित्र कार्तिक मास का सबसे पवित्र दिन; नदी स्नान; घी के दीप प्रवाहित करना (दीपोत्सव) और प्रसाद वितरण इस रात की महाराष्ट्रीय परंपराएं हैं,Float ghee diyas (clay lamps filled with ghee) in a vessel of water placed under the open sky after evening puja on Tripuri Pournima; the reflections create a symbolic river of light — a deeply Maharashtrian tradition for this night,त्रिपुरी पौर्णिमेला संध्याकाळच्या पूजेनंतर उघड्या आकाशाखाली ठेवलेल्या पाण्याच्या भांड्यात तुपाच्या पणत्या सोडा; त्यांच्या प्रतिबिंबांनी प्रकाशाची नदी तयार होते — या रात्रीची ही खोलवर रुजलेली महाराष्ट्रीय परंपरा आहे,त्रिपुरी पूर्णिमा पर संध्या पूजा के बाद खुले आकाश के नीचे रखे पानी के बर्तन में घी से भरे मिट्टी के दीये तैराएं; उनके प्रतिबिंबों से प्रकाश की नदी बनती है — इस रात की यह गहरी महाराष्ट्रीय परंपरा है
Sankashti Chaturthi,2026-12-01,Margashirsha Krishna Chaturthi; Sankashti in Margashirsha — the month Lord Krishna declares as Himself in the Bhagavad Gita — makes this Ganesha fast especially spiritually rich; a warm upvas meal is appropriate in the winter season,मार्गशीर्ष कृष्ण चतुर्थी; भगवद्गीतेत ज्या महिन्याला श्रीकृष्णाने स्वतःचे रूप म्हटले आहे त्या मार्गशीर्षातील ही संकष्टी आध्यात्मिकदृष्ट्या विशेष फलदायी ठरते; थंडीच्या दिवसांत उपवासाचे गरम जेवण योग्य ठरते,मार्गशीर्ष कृष्ण चतुर्थी; भगवद्गीता में जिस मास को श्रीकृष्ण ने स्वयं का स्वरूप कहा है उस मार्गशीर्ष की यह संकष्टी आध्यात्मिक रूप से विशेष फलदायी होती है; सर्दी के दिनों में उपवास का गर्म भोजन उपयुक्त रहता है,The winter Margashirsha Sankashti calls for warm phalahari foods; serve sabudana khichdi topped with a generous spoon of ghee after moonrise — the warmth and richness makes the post-fast prasad meal deeply satisfying,हिवाळ्यातील मार्गशीर्ष संकष्टीला गरम फराळी पदार्थ योग्य ठरतात; चंद्रोदयानंतर साबुदाणा खिचडीवर भरपूर तूप घालून वाढा — उष्णता आणि तुपाच्या समृद्धीमुळे उपवास सोडतानाचा प्रसाद अधिक तृप्त करतो,सर्दियों की मार्गशीर्ष संकष्टी पर गर्म फलाहारी पदार्थ उपयुक्त रहते हैं; चंद्रोदय के बाद साबूदाना खिचड़ी पर भरपूर घी डालकर परोसें — गर्माहट और घी की समृद्धि से व्रत खोलने का प्रसाद अधिक तृप्तिदायक बनता है
Utpanna Ekadashi,2026-12-05,Margashirsha Krishna Ekadashi; the day the Ekadashi deity was born to defeat the demon Murasura; this is the most foundational Ekadashi of the year representing the origin of all Ekadashi vrats; fasting grants liberation to one's ancestors,मार्गशीर्ष कृष्ण एकादशी; मुरासुराचा वध करण्यासाठी एकादशी देवीचा जन्म झाला तो हा दिवस; सर्व एकादशी व्रतांचे मूळ मानली जाणारी ही वर्षातील सर्वात पायाभूत एकादशी; या उपवासाने पूर्वजांना मुक्ती मिळते,मार्गशीर्ष कृष्ण एकादशी; मुरासुर के वध हेतु एकादशी देवी का जन्म इसी दिन हुआ; सभी एकादशी व्रतों का मूल मानी जाने वाली यह वर्ष की सबसे आधारभूत एकादशी है; इस व्रत से पूर्वजों को मुक्ति मिलती है,On winter Ekadashi days serve sabudana vada with warm peanut chutney; peanut provides sustained energy through the long cold-season fast and the warm chutney makes the upvas meal comforting,हिवाळ्यातील एकादशीला साबुदाणा वडा गरम शेंगदाण्याच्या चटणीसोबत वाढा; शेंगदाण्यामुळे थंडीतील लांब उपवासात टिकाऊ ऊर्जा मिळते आणि गरम चटणीने उपवासाचे जेवण सुखावह होते,सर्दियों की एकादशी पर साबूदाना वड़ा गर्म मूंगफली की चटनी के साथ परोसें; मूंगफली से ठंड के लंबे व्रत में टिकाऊ ऊर्जा मिलती है और गर्म चटनी से उपवास का भोजन सुखद बनता है
Champa Shashthi,2026-12-15,Margashirsha Shukla Shashthi; celebrates Lord Khandoba's (Shiva's warrior avatar) victory over demons Malla and Mani after a 6-day battle; Jejuri in Pune is the epicentre of celebration; turmeric (bhandara) is showered on devotees; a uniquely and exclusively Maharashtrian festival,मार्गशीर्ष शुक्ल षष्ठी; सहा दिवसांच्या युद्धानंतर मल्ल आणि मणी या दैत्यांवर खंडोबाने (शिवाचा योद्धा अवतार) मिळवलेल्या विजयाचा उत्सव; पुण्याजवळील जेजुरी हे उत्सवाचे मुख्य केंद्र; भक्तांवर भंडारा (हळद) उधळला जातो; केवळ महाराष्ट्रापुरता मर्यादित असा वैशिष्ट्यपूर्ण सण,मार्गशीर्ष शुक्ल षष्ठी; छह दिनों के युद्ध के बाद मल्ल और मणि दैत्यों पर खंडोबा (शिव के योद्धा अवतार) की विजय का उत्सव; पुणे के पास जेजुरी उत्सव का मुख्य केंद्र है; भक्तों पर भंडारा (हल्दी) उड़ाया जाता है; केवल महाराष्ट्र तक सीमित एक विशिष्ट त्योहार,Roast brinjal directly on an open flame turning often until the skin is fully charred; peel while still hot and mash with roasted garlic for authentic smoky Champa Shashthi vangi bharta — this is the festive bhog of Khandoba,वांगे थेट ज्योतीवर वारंवार फिरवत साल पूर्ण करपेपर्यंत भाजा; गरम असतानाच साल काढून भाजलेल्या लसणासोबत कुस्करा — असे केल्यास चंपाषष्ठीचे अस्सल धुरकट वांग्याचे भरीत होते; हाच खंडोबाचा सणाचा नैवेद्य,बैंगन सीधे आंच पर बार-बार घुमाते हुए छिलका पूरी तरह जलने तक भूनें; गर्म रहते ही छिलका उतारकर भुने लहसुन के साथ मसलें — इससे चंपा षष्ठी का असली धुएंदार बैंगन भरता बनता है; यही खंडोबा का पर्व नैवेद्य है
Mokshada Ekadashi,2026-12-20,Margashirsha Shukla Ekadashi; Lord Krishna delivered the Bhagavad Gita to Arjuna on this day (Gita Jayanti); fasting grants liberation to one's ancestors; Gita recitation and satsang are traditional in Maharashtrian households on this evening,मार्गशीर्ष शुक्ल एकादशी; याच दिवशी भगवान श्रीकृष्णांनी अर्जुनाला भगवद्गीता सांगितली (गीता जयंती); या उपवासाने पूर्वजांना मोक्ष मिळतो; महाराष्ट्रीय घरांत या संध्याकाळी गीतापठण आणि सत्संगाची परंपरा आहे,मार्गशीर्ष शुक्ल एकादशी; इसी दिन भगवान श्रीकृष्ण ने अर्जुन को भगवद्गीता सुनाई (गीता जयंती); इस व्रत से पूर्वजों को मोक्ष मिलता है; महाराष्ट्रीय घरों में इस संध्या गीता पाठ और सत्संग की परंपरा है,Begin Mokshada Ekadashi morning by reading one shloka from the Bhagavad Gita (even just Chapter 2 verse 47) before cooking the upvas meal; even this brief recitation is considered to elevate the spiritual merit of the fast,मोक्षदा एकादशीच्या सकाळी उपवासाचा स्वयंपाक सुरू करण्यापूर्वी भगवद्गीतेतील एक श्लोक वाचा (अगदी दुसऱ्या अध्यायातील सत्तेचाळिसावा श्लोक असला तरी पुरे); एवढ्या छोट्या पठणानेही उपवासाचे पुण्य वाढते असे मानले जाते,मोक्षदा एकादशी की सुबह उपवास का भोजन बनाने से पहले भगवद्गीता का एक श्लोक पढ़ें (केवल दूसरे अध्याय का सैंतालीसवां श्लोक भी पर्याप्त है); इतने संक्षिप्त पाठ से भी व्रत का पुण्य बढ़ता है ऐसा माना जाता है
Datta Jayanti,2026-12-23,Margashirsha Purnima; birthday of Lord Dattatreya (the Trimurti incarnation of Brahma-Vishnu-Shiva); a major festival in Maharashtra; Ganagapur and other Datta shrines hold week-long celebrations; offering 32 types of fruit and fasting are traditional for Dattatreya devotees,मार्गशीर्ष पौर्णिमा; भगवान दत्तात्रेयांचा (ब्रह्मा-विष्णू-महेश यांचा त्रिमूर्ती अवतार) जन्मदिवस; महाराष्ट्रातील एक मोठा उत्सव; गाणगापूर आणि इतर दत्तक्षेत्रांत आठवडाभर उत्सव चालतो; दत्तभक्त बत्तीस प्रकारची फळे अर्पण करून उपवास करतात,मार्गशीर्ष पूर्णिमा; भगवान दत्तात्रेय (ब्रह्मा-विष्णु-महेश के त्रिमूर्ति अवतार) का जन्मदिन; महाराष्ट्र का एक प्रमुख उत्सव; गाणगापुर और अन्य दत्त क्षेत्रों में सप्ताहभर उत्सव चलता है; दत्त भक्त बत्तीस प्रकार के फल अर्पित कर उपवास रखते हैं,Prepare kheerni (thick milk and rice sweet) the evening before Datta Jayanti and refrigerate; serve at room temperature the next morning as the traditional prasad; overnight resting deepens the flavour beautifully,दत्त जयंतीच्या आदल्या संध्याकाळी खिरणी (घट्ट दूध-तांदळाचा गोड पदार्थ) करून फ्रिजमध्ये ठेवा; दुसऱ्या दिवशी सकाळी खोलीच्या तापमानाला पारंपरिक प्रसाद म्हणून वाढा; रात्रभर मुरल्याने चव अधिक खुलते,दत्त जयंती की एक शाम पहले खीरनी (गाढ़ा दूध-चावल का मीठा पकवान) बनाकर फ्रिज में रखें; अगली सुबह कमरे के तापमान पर पारंपरिक प्रसाद के रूप में परोसें; रातभर रखने से स्वाद और गहरा हो जाता है
Pradosh Vrat,2026-12-29,Margashirsha Shukla Trayodashi; the last major Pradosh of the year falling in the holy Margashirsha month; a year-end Shiva puja of gratitude on this Pradosh is a meaningful spiritual conclusion to the entire devotional calendar,मार्गशीर्ष शुक्ल त्रयोदशी; पवित्र मार्गशीर्ष महिन्यात येणारा वर्षातील शेवटचा मोठा प्रदोष; या प्रदोषाला कृतज्ञतेची वर्षअखेरची शिवपूजा हा संपूर्ण भक्तिवर्षाचा अर्थपूर्ण समारोप ठरतो,मार्गशीर्ष शुक्ल त्रयोदशी; पवित्र मार्गशीर्ष मास में आने वाला वर्ष का अंतिम बड़ा प्रदोष; इस प्रदोष पर कृतज्ञता की वर्षांत शिव पूजा संपूर्ण भक्ति वर्ष का सार्थक समापन बनती है,On this year-end Pradosh offer 11 sets of three bael leaves each (33 leaves total) to the Shivlinga as a gratitude offering for the year; light a ghee lamp and maintain silence during the full twilight puja window,वर्षअखेरच्या या प्रदोषाला शिवलिंगावर तीन-तीन बेलपत्रांचे अकरा जुडगे (एकूण तेहतीस पाने) कृतज्ञतेचा नैवेद्य म्हणून वाहा; तुपाचा दिवा लावा आणि प्रदोषकाळाच्या संपूर्ण पूजेत मौन पाळा,वर्षांत के इस प्रदोष पर शिवलिंग पर तीन-तीन बेलपत्रों के ग्यारह समूह (कुल तैंतीस पत्ते) कृतज्ञता के नैवेद्य के रूप में अर्पित करें; घी का दीपक जलाएं और प्रदोष काल की पूरी पूजा में मौन रखें
Mahashivratri,Feb 15,Major Fasting day,मोठा उपवासाचा दिवस,बड़ा व्रत का दिन,Soak sabudana overnight for fluffy texture,मोकळ्या साबुदाण्यासाठी रात्रभर भिजवा,खिले-खिले साबूदाने के लिए रातभर भिगोएं
Makar Sankranti,Jan 14,Til-Gul interchange,तिळगूळ देवाणघेवाण,तिल-गुड़ का आदान-प्रदान,Make tilgul ladoos a day before for best taste,उत्तम चवीसाठी तिळगूळ लाडू एक दिवस आधी करा,बेहतरीन स्वाद के लिए तिलगुड़ लड्डू एक दिन पहले बनाएं
Gudi Padwa,March 19,Marathi New Year,मराठी नववर्ष,मराठी नववर्ष,Hang curd overnight for thick shrikhand,घट्ट श्रीखंडासाठी दही रात्रभर टांगून ठेवा,गाढ़े श्रीखंड के लिए दही को रातभर टांगकर रखें
Holi (Shimga),March 4,Puran Poli / Sweets,पुरणपोळी आणि गोडधोड,पूरन पोली और मिठाई,Start puran poli prep a day early,पुरणपोळीची तयारी एक दिवस आधी सुरू करा,पूरन पोली की तैयारी एक दिन पहले शुरू करें
Ram Navami,April 6,Chaitra Shukla Navami; birthday of Lord Rama; the nine-day Chaitra Navratri concludes on this day; Ramayana recitation and the Rama Janma aarti at noon are traditional; a fast is observed until the midday birth hour,चैत्र शुक्ल नवमी; प्रभू श्रीरामांचा जन्मदिवस; नऊ दिवसांच्या चैत्र नवरात्रीची सांगता याच दिवशी होते; रामायण पठण आणि दुपारी रामजन्माची आरती ही परंपरा आहे; दुपारच्या जन्मवेळेपर्यंत उपवास केला जातो,चैत्र शुक्ल नवमी; प्रभु श्रीराम का जन्मदिन; नौ दिनों की चैत्र नवरात्रि का समापन इसी दिन होता है; रामायण पाठ और दोपहर में रामजन्म की आरती परंपरा है; दोपहर के जन्म समय तक उपवास किया जाता है,Sunthawada (dry ginger with jaggery) and kairi panhe (raw mango drink) are the traditional Ram Navami prasad in Maharashtra; boil the raw mangoes a day ahead and chill the panhe overnight so it is ready for the noon aarti,सुंठवडा आणि कैरीचे पन्हे हा महाराष्ट्रातील रामनवमीचा पारंपरिक प्रसाद; कैऱ्या आदल्या दिवशी उकडून पन्हे रात्रभर थंड करा म्हणजे दुपारच्या आरतीला ते तयार असेल,सुंठवड़ा (सोंठ और गुड़) और कैरी का पन्हा महाराष्ट्र में रामनवमी का पारंपरिक प्रसाद है; कैरियां एक दिन पहले उबालकर पन्हा रातभर ठंडा करें ताकि दोपहर की आरती के समय वह तैयार हो
